id,first_name,last_name,age
1,Salmon,Heiner,96
2,Nanice,McGarvie,70
3,Jewelle,Cranstone,69
4,Cassie,Yardy,37
5,Kippy,Naulls,26
6,Werner,Reede,26
7,Enrico,Thow,58
8,Olag,Moulsdall,33
9,Ingeborg,Jacqueme,55
10,Roze,Lamanby,59
11,Francoise,Calltone,100
12,Kip,Scourfield,25
13,Ches,Rowcastle,100
14,Darbie,Matteoni,65
15,Mirabella,Jaynes,21
16,Omero,Croce,42
17,Dag,Pendred,78
18,Antony,Tong,66
19,Othilia,Blacksland,81
20,Byron,Dener,19
21,Valma,Tessier,94
22,Correy,Tomisch,79
23,Joanna,Swinyard,95
24,Sander,Fidilis,79
25,Ester,Marconi,97
26,Omar,Ivie,74
27,Rory,Wilprecht,54
28,Karolina,Linton,20
29,Lew,Vinick,29
30,Rosaleen,Kilcullen,91
31,Avril,Potteril,74
32,Kinna,Davage,90
33,Josefina,Richel,58
34,Chrotoem,Tindley,34
35,Sollie,Sixsmith,55
36,Scotti,Gurys,58
37,Glenna,Bogeys,36
38,Tobe,Hulett,26
39,Roxi,Castillou,25
40,Myriam,Ambrogiotti,68
41,Chaim,Larner,57
42,Marsh,Bowller,32
43,Chalmers,Dornan,43
44,Tully,Faltin,83
45,Bartholemy,MacLennan,27
46,Morgan,Goodband,47
47,Lucky,Lamburn,59
48,Shawn,Killoran,66
49,Enrichetta,Matantsev,75
50,Neila,Blackaller,87
51,Vite,Oxborrow,33
52,Lorain,Clarricoates,73
53,Filip,Gawler,49
54,Hermione,Dienes,25
55,Dur,Laughnan,52
56,Kaitlin,Mc Faul,97
57,Rhodia,Dominici,92
58,Christie,Cordes,54
59,Rip,Litel,88
60,Malissia,Cullum,83
61,Valencia,Dolby,78
62,Pierette,Keirle,10
63,Welch,Teissier,57
64,Sly,Bento,21
65,Aundrea,O'Grada,52
66,Zara,Scammonden,82
67,Arthur,Bjerkan,19
68,Cecelia,Becke,14
69,Filberte,Dalloway,75
70,Corrianne,Smiz,50
71,Daveen,Haseley,64
72,Cornell,Cosins,71
73,Christoph,Rootham,53
74,Noach,Halton,35
75,Dalis,Lewsley,93
76,Cayla,Cestard,34
77,Barbra,Hinkensen,20
78,Niki,Largent,71
79,Elfrieda,Tootell,11
80,Hatty,Crosseland,87
81,Brandice,Linnock,90
82,Demetra,Grieveson,47
83,Ardith,Giacomuzzo,86
84,Joana,Ply,41
85,Tabb,Mantrup,52
86,Johnnie,Dressell,89
87,Arabela,Hindenburg,20
88,Adriana,Diplock,76
89,Saunder,Taile,21
90,Kristine,Scholz,41
91,Tallou,Durbann,91
92,Ranna,Bidwell,20
93,Ludovico,O'Griffin,20
94,Anjela,Borge,53
95,Curt,Klosser,32
96,Karla,Camolli,81
97,Meier,Di Meo,13
98,Kent,Urion,19
99,Devina,Farnell,23
100,Dayna,Durrance,13
101,Allys,Darkins,69
102,Mic,Mc Corley,42
103,Harley,Mounsie,25
104,Sloan,Durnford,76
105,Yves,Grix,70
106,Dottie,O' Cuolahan,35
107,Thorny,Readitt,33
108,Tonnie,Noseworthy,98
109,Maribel,Darben,80
110,Iormina,Gionettitti,46
111,Georgianne,Normington,97
112,Julee,Dudden,14
113,Giusto,Cummungs,41
114,Justine,Costellow,29
115,Othello,Ritchings,59
116,Adena,Langlois,17
117,Dede,Janz,16
118,Lodovico,Langstaff,69
119,Esme,Dunkley,16
120,Gardner,Norwich,86
121,Hubie,Madders,80
122,Mitchael,Cherrison,74
123,Egbert,Satcher,90
124,Xaviera,Greedy,96
125,Weylin,Nawton,59
126,Miranda,Railton,61
127,Kare,Venny,20
128,Ethelind,Swindles,55
129,Helga,Wesley,100
130,Marilin,Marxsen,21
131,Geralda,Shee,16
132,Bee,Chezelle,99
133,Tan,MacPharlain,65
134,Roch,Breffit,79
135,Nanci,Giacovelli,67
136,Darci,Bertlin,41
137,Caprice,Barmby,96
138,Dorthea,Gowrie,23
139,Berna,Charlet,43
140,Richart,Dahler,12
141,Johnathan,Sloam,67
142,Panchito,Roof,79
143,Essa,Adamou,54
144,Brooks,Biesterfeld,78
145,Madeleine,Hyams,15
146,Konstantine,Sandison,80
147,Tasia,Coverly,23
148,Lynett,Burner,64
149,Selia,Sebring,47
150,Linea,McLucas,71
151,Adara,Goodin,64
152,Herrick,Abramovitz,39
153,Jereme,Hansbury,30
154,Burg,Bratcher,14
155,Ashlen,O'Kielt,94
156,Shina,Tompkin,100
157,Drusi,Coulson,46
158,Mathilde,Kirkup,57
159,Lionel,Ramey,76
160,Stacey,Pughsley,82
161,Timmie,Reddecliffe,80
162,Ingamar,Caudrey,62
163,Jsandye,Macek,39
164,Emelia,Kleehuhler,47
165,Catina,Messer,38
166,Allyson,Swarbrigg,92
167,Kippy,Matuschek,79
168,Amitie,Reichhardt,85
169,Nico,Febre,27
170,Tan,Leyson,98
171,Jehanna,Leavold,65
172,Morie,Rodda,43
173,Hertha,Judge,20
174,Vikky,Grieves,66
175,Francyne,Jagg,74
176,Morganne,Ricioppo,35
177,Elysia,Yanshinov,78
178,Lark,Kaesmakers,46
179,Emili,Wollrauch,30
180,Karen,Duding,54
181,Gene,Stearndale,68
182,Rriocard,Malyan,25
183,Kandace,Poznan,95
184,Gilly,Gamblin,15
185,Meara,Belfit,17
186,Clary,Wolpert,10
187,Francisco,Naisbet,29
188,Barbe,Carmont,39
189,Baillie,Malamore,53
190,Erl,Curuclis,83
191,Alverta,Gumn,66
192,Selby,Towne,36
193,Mame,Bratcher,65
194,Mickie,Ropartz,66
195,Marie-ann,Kenryd,82
196,Larisa,Frayn,41
197,Helenka,Goodlett,66
198,Catharine,Beckingham,29
199,Twila,Lapham,16
200,Leola,Chapman,85
201,Fabiano,Pietruszka,98
202,Devin,Grayham,90
203,Sheri,Farra,20
204,Malory,Fellon,28
205,Ashly,Buntine,65
206,Trescha,Czadla,57
207,Vannie,Avesque,42
208,Ned,Leynagh,68
209,Chery,Blackborow,56
210,Gwendolen,Muspratt,15
211,Terrell,Matiebe,14
212,Neel,Falkingham,27
213,Marlow,Yanshonok,43
214,Meris,Stubbings,72
215,Sherill,Faithfull,19
216,Stephine,Klimuk,46
217,Heddie,Hobgen,94
218,Bendite,Smiley,87
219,Sheela,Walduck,34
220,Ivan,Merry,100
221,Denice,Ballintyne,42
222,Walt,Dearn,81
223,Edik,Cabera,52
224,Clerkclaude,Gridon,34
225,Novelia,Maingot,53
226,Concordia,Dabernott,75
227,Deane,Awmack,66
228,Granger,Finley,91
229,Joseito,Clinning,64
230,Hughie,Efford,11
231,Carmine,Horsell,53
232,Mordy,Rable,42
233,Delano,Doleman,19
234,Petronille,Strank,80
235,Karrie,Cready,39
236,Tull,Petroselli,37
237,Corella,Trotman,87
238,Tadio,Shiel,92
239,Wallache,Samwaye,84
240,Akim,Bletsoe,55
241,Brear,Kimmerling,97
242,Maxi,Berendsen,52
243,Laurette,Whithorn,35
244,Marissa,La Padula,49
245,Elliott,Manshaw,23
246,Reinold,Bamfield,28
247,Henri,Janaud,61
248,Rahal,Beloe,42
249,Aigneis,Batterton,72
250,Tessa,Annesley,27
251,Ban,Dominighi,15
252,Rodger,McShirrie,77
253,Domeniga,Densumbe,51
254,Nehemiah,Beadnall,56
255,Alyssa,Burcombe,90
256,Devinne,Carillo,23
257,Norman,Lyndon,81
258,Townie,Showalter,61
259,Raychel,Armfirld,40
260,Web,Adamowicz,96
261,Marcelle,Diamant,83
262,Vonny,Chaytor,82
263,Torrie,Pickring,29
264,Nestor,Hitchens,62
265,Lauralee,Poppleston,91
266,Jock,Wolsey,41
267,Cheryl,Ladson,10
268,Jill,Colls,57
269,Reece,Kardos-Stowe,21
270,Thorvald,Advani,70
271,Walsh,Embleton,45
272,Adolf,Sives,95
273,Kayla,Polendine,27
274,Sanson,Simnell,85
275,Omero,Jerzyk,93
276,Brenda,Galle,18
277,Loni,Kermeen,35
278,Prentice,Facchini,42
279,Nick,Overshott,54
280,Nydia,Rutland,84
281,Darelle,Goaks,18
282,Tiebold,Hugonet,71
283,Stanleigh,Southerill,14
284,Walden,Paireman,63
285,Sigismund,Bloomer,87
286,Jacquelyn,Jura,67
287,Gerhardine,Gotcliff,85
288,Rosamund,Futcher,55
289,Jillie,Larner,71
290,Margaretha,Ginglell,67
291,Howard,Masters,68
292,Dannye,Farbrace,86
293,Giustino,Remmer,12
294,Robinson,Wainer,37
295,Guy,Meany,18
296,Marga,de Bullion,58
297,Joann,Westraw,71
298,Lorens,Blincko,53
299,Carce,Huddle,16
300,Alayne,Flecknell,36
301,Barby,Lettuce,18
302,Rodd,Bennen,54
303,Rayshell,Daniello,98
304,Gearard,McKeevers,97
305,Marylou,Troyes,61
306,Kerwin,Oene,57
307,Antonella,Penreth,12
308,Onfre,Hovel,28
309,Breanne,Tewnion,78
310,Gus,Robbeke,84
311,Perren,Isaak,69
312,Chaunce,Gherardesci,69
313,Claudina,MacLise,23
314,Kelly,Mattityahou,45
315,Billy,Leuchars,37
316,Cosimo,Idney,73
317,Geordie,Reinert,35
318,Pierre,Drains,69
319,Lindon,Baylie,98
320,Clyde,McTurley,10
321,Trace,Ettridge,94
322,Jonah,Tinwell,47
323,Jacinthe,Gealy,57
324,Modestia,Ironmonger,34
325,Linda,Casella,32
326,Ariela,Kittles,16
327,Stanislaw,Ochterlony,87
328,Dermot,Weatherill,40
329,Christoph,Gourlie,99
330,Eleanor,Marcinkus,15
331,Barret,Juster,97
332,Thornie,Medling,31
333,Chaunce,Kivelle,26
334,Lenard,Oliffe,32
335,Budd,Petrak,86
336,Mattheus,Tellesson,25
337,Sax,Forder,42
338,Gilda,Doherty,30
339,Gisele,Bamsey,31
340,Edouard,Bente,25
341,Darya,Tincknell,18
342,Feodora,Downing,89
343,Rowney,O'Rowane,88
344,Sisely,Eaddy,55
345,Sibilla,Wilcinskis,55
346,Rahel,Shackleton,30
347,Tirrell,Grogona,73
348,Darci,Fulop,38
349,Lydon,Sleney,88
350,Conni,Bortolutti,73
351,Corly,Deavin,10
352,Ynez,Fardell,22
353,Davey,Olfert,69
354,Garrard,Mangan,98
355,Pia,Bugge,58
356,Giustina,Sloegrave,73
357,Jakie,Blomfield,17
358,Jaime,Varcoe,39
359,Verne,Pflieger,38
360,Hardy,Wasmuth,27
361,Eimile,Frier,53
362,Nolana,Farrens,29
363,Leopold,Burk,74
364,Tiphani,Blunkett,48
365,Noami,Mewett,63
366,Jordan,Highton,45
367,Lib,Nesbitt,98
368,Zena,Sacker,57
369,Sashenka,Garthland,78
370,Hester,Coie,42
371,Hillier,Butterworth,11
372,Flori,Pirrey,13
373,Whit,Corre,82
374,Inna,McKeurton,38
375,Melissa,Ansley,84
376,Appolonia,Petrolli,61
377,Lorilyn,Sivills,69
378,Quill,Kille,22
379,Sheelah,Ferrarone,82
380,Wood,Giocannoni,28
381,Hermann,Haire,53
382,Maggie,Leadston,58
383,Raquela,Kamall,47
384,Caressa,Taggart,36
385,Monica,Dillintone,17
386,Darcie,Eckford,74
387,Aimee,Cockney,30
388,Barbra,Spatoni,37
389,Denni,Wakefield,98
390,Fredric,Gallon,69
391,Cesya,Hainge,44
392,Madlen,Hallifax,88
393,Yardley,Bortolussi,93
394,Sheelagh,Dilleston,85
395,Annissa,Ingleson,14
396,Caroljean,Vescovo,85
397,Dillie,Batchan,73
398,Cathe,Brunskill,47
399,Tymon,Hilliam,81
400,Lucilia,Grainge,32
401,Meryl,Blackster,86
402,Rosa,Roxburch,15
403,Arny,Babcock,80
404,Elwin,Fair,34
405,Lennie,Donovan,73
406,Giovanna,Hazelton,35
407,Gherardo,Scollick,57
408,Noland,Praton,11
409,Neile,Clemitt,54
410,Lammond,Girdler,64
411,Matthias,Beetles,48
412,Andra,Comberbach,22
413,Eloise,Osbidston,78
414,Morten,McElree,72
415,Erich,Samwayes,77
416,Town,Behneke,45
417,Fina,Simanek,21
418,Britteny,Scrigmour,52
419,Lyle,Ascroft,70
420,Gabriela,Mixworthy,41
421,Hastings,Chapellow,35
422,Risa,Searl,55
423,Perl,Petzold,26
424,Anitra,McGiffin,97
425,Theresita,Sarah,54
426,Jasen,Moughtin,73
427,Dav,Morrieson,24
428,Johannah,Lawrenceson,17
429,Fara,Lehemann,93
430,Erda,Smylie,10
431,Julieta,Jenicek,26
432,Clerissa,Blakeman,12
433,Alwyn,O'Bradane,51
434,Warden,Roller,64
435,Jose,Veall,33
436,Freeland,Risbridge,13
437,Ruthy,McLauchlin,59
438,Flinn,Cratere,54
439,Mitchell,Whalley,97
440,Anne-corinne,Vignaux,50
441,Stavros,Petrina,59
442,Zane,Kenlin,97
443,Barth,Bellon,19
444,Izaak,Prys,64
445,Ali,Balazot,49
446,Gene,Edmonstone,63
447,Georgeta,Cornu,71
448,Kin,McCorrie,69
449,Felike,Routham,86
450,Tony,Urey,26
451,Elora,Brandone,63
452,Max,Yuryichev,34
453,Karon,Lowery,88
454,Caitrin,Flasby,82
455,Gabbi,Quartley,83
456,Patrizius,Tincey,57
457,Mada,Warburton,24
458,Bald,Machon,48
459,Gerek,Bowmer,80
460,Reggy,Haddington,71
461,Dionis,Cotelard,74
462,Valentijn,Rudgley,85
463,Clemmy,Abbiss,59
464,Jayme,Loyley,35
465,Winnie,Kasbye,54
466,Ulises,Scotchmore,11
467,Cart,Hedge,83
468,Levy,Cockerton,14
469,Jamie,Waulker,33
470,Kendricks,Cinelli,75
471,Emlynn,Blick,11
472,Tynan,Troke,95
473,Gaby,Clougher,57
474,Nevins,Smither,24
475,Beltran,McCauley,14
476,Delia,Tink,16
477,Emiline,Scholtis,51
478,Israel,Orred,41
479,Aldin,Hanhart,14
480,Keely,Waplinton,59
481,Monte,Camm,96
482,Ethelind,Chesterfield,31
483,Thedrick,Sherme,20
484,Konrad,Meynell,45
485,Susie,Forrestor,17
486,Hal,Abramowitch,95
487,Guido,Chateau,30
488,Orly,Clemendet,62
489,Claudie,Fairall,60
490,Keefer,Kemmey,86
491,Bobinette,Gilliatt,36
492,Christina,McClintock,67
493,Lovell,Unworth,89
494,Spike,Galvin,43
495,Del,Lumsden,86
496,Engracia,Haggata,27
497,Trueman,Stubbington,55
498,Darsey,Thoumasson,49
499,Hillary,Waggitt,37
500,Briney,Rubee,88
