,id,first_name,last_name,age
20,21,Valma,Tessier,94
21,22,Correy,Tomisch,79
22,23,Joanna,Swinyard,95
23,24,Sander,Fidilis,79
24,25,Ester,Marconi,97
25,26,Omar,Ivie,74
26,27,Rory,Wilprecht,54
27,28,Karolina,Linton,20
28,29,Lew,Vinick,29
29,30,Rosaleen,Kilcullen,91
30,31,Avril,Potteril,74
31,32,Kinna,Davage,90
32,33,Josefina,Richel,58
33,34,Chrotoem,Tindley,34
34,35,Sollie,Sixsmith,55
35,36,Scotti,Gurys,58
36,37,Glenna,Bogeys,36
37,38,Tobe,Hulett,26
38,39,Roxi,Castillou,25
39,40,Myriam,Ambrogiotti,68
40,41,Chaim,Larner,57
41,42,Marsh,Bowller,32
42,43,Chalmers,Dornan,43
43,44,Tully,Faltin,83
44,45,Bartholemy,MacLennan,27
45,46,Morgan,Goodband,47
46,47,Lucky,Lamburn,59
47,48,Shawn,Killoran,66
48,49,Enrichetta,Matantsev,75
49,50,Neila,Blackaller,87
50,51,Vite,Oxborrow,33
